Workbook

Sheet How to use
A1: Before-and-after check: scoring
A2: For the Thinkerwell team only. Learners are identified by their pilot code, never a name.
A4: 1. After each session, type one row per learner on the Answers sheet: the code, First or Last, the date,
A5: the letter each learner circled for questions 1 to 16 (A, B or C; leave it empty if they circled none),
A6: both team members' writing marks (0 to 6 each, from the rubric on the answer key) and the five faces
A7: (1 = the first face, "Not yet", to 4 = the last, "Yes"). Only the yellow cells are for typing.
A8: 2. On the Results sheet, type each learner's code once in the yellow column. Everything else fills in.
A9: 3. Grey cells come from the answer key (the Key sheet). Don't change them.
A11: What the numbers mean
A12: Score: correct answers out of 16. Taught: out of the 12 questions from lessons the pilot teaches.
A13: Untaught: out of the 4 questions from lessons it doesn't. If scores rise on taught questions but not on
A14: untaught ones, the lessons are the likely reason, not just taking the check twice.
... A23: An example row on the Answers sheet looks like this (don't type it in):
B24: Code | C24: Session | D24: Date | E24: Q1 | F24: Q2 | G24: Q3 | H24: Q4 | I24: Q5 | J24: Q6 | K24: Q7 | L24: Q8 | M24: Q9 | N24: Q10 | O24: Q11 | P24: Q12 | Q24: Q13 | R24: Q14 | S24: Q15 | T24: Q16 | U24: Writing 1 | V24: Writing 2 | W24: Face 1 | X24: Face 2 | Y24: Face 3 | Z24: Face 4 | AA24: Face 5
B25: HLP-07 | C25: First | D25: 2026-10-20 | E25: A | F25: C | G25: B | H25: B | I25: A | J25: C | K25: B | L25: A | M25: B | N25: A | O25: C | P25: C | Q25: A | R25: B | S25: C | T25: B | U25: 4 | V25: 3 | W25: 2 | X25: 3 | Y25: 3 | Z25: 2 | AA25: 4

Sheet Key
A1: Question | B1: Correct answer | C1: Lesson | D1: Taught in the pilot | E1: Area | F1: Question (English)
A2: 1 | B2: A | C2: 1 | D2: Yes | E2: sources | F2: What can you say by using both sources?
A3: 2 | B3: C | C3: 1 | D3: Yes | E3: sources | F3: Which question needs a different source to answer it?
A4: 3 | B4: B | C4: 2 | D4: Yes | E4: sources | F4: Which sentence is an observation?
A5: 4 | B5: B | C5: 3 | D5: No | E5: perspectives | F5: What is the main difference between their work?
A6: 5 | B6: A | C6: 2 | D6: Yes | E6: sources | F6: Which museum label is the most careful?
A7: 6 | B7: C | C7: 11 | D7: Yes | E7: maps | F7: Which part of a map tells you what each symbol means?
A8: 7 | B8: B | C8: 11 | D8: Yes | E8: maps | F8: What do you still need to find out before you choose a route?
A9: 8 | B9: A | C9: 13 | D9: No | E9: vocabulary | F9: Which sentence is about climate?
A10: 9 | B10: B | C10: 12 | D10: Yes | E10: cause | F10: What will probably happen next?
A11: 10 | B11: A | C11: 12 | D11: Yes | E11: cause | F11: A city grows very fast. Which problem is most likely?
A12: 11 | B12: C | C12: 16 | D12: Yes | E12: perspectives | F12: What does this show?
A13: 12 | B13: C | C13: 21 | D13: No | E13: vocabulary | F13: What is this kind of exchange called?
... A17: 16 | B17: B | C17: 22 | D17: No | E17: choices | F17: What do we call a choice where you give up one thing to get another?
A19: Source: content/pilot-check/en.json (made by scripts/pilot_check_sheet.py).

Sheet Answers
A1: Code | B1: Session | C1: Date | D1: Q1 | E1: Q2 | F1: Q3 | G1: Q4 | H1: Q5 | I1: Q6 | J1: Q7 | K1: Q8 | L1: Q9 | M1: Q10 | N1: Q11 | O1: Q12 | P1: Q13 | Q1: Q14 | R1: Q15 | S1: Q16 | T1: Writing 1 (0–6) | U1: Writing 2 (0–6) | V1: Face 1 (1–4) | W1: Face 2 (1–4) | X1: Face 3 (1–4) | Y1: Face 4 (1–4) | Z1: Face 5 (1–4) | AA1: Score (of 16) | AB1: Taught (of 12) | AC1: Untaught (of 4) | AD1: Writing (of 6) | AE1: Confidence (1–4) | AF1: Markers
A2: Right answer | D2: =Key!$B$2 -> A | E2: =Key!$B$3 -> C | F2: =Key!$B$4 -> B | G2: =Key!$B$5 -> B | H2: =Key!$B$6 -> A | I2: =Key!$B$7 -> C | J2: =Key!$B$8 -> B | K2: =Key!$B$9 -> A | L2: =Key!$B$10 -> B | M2: =Key!$B$11 -> A | N2: =Key!$B$12 -> C | O2: =Key!$B$13 -> C | P2: =Key!$B$14 -> A | Q2: =Key!$B$15 -> B | R2: =Key!$B$16 -> C | S2: =Key!$B$17 -> B
A3: Taught (1) or not (0) | D3: =IF(Key!$D$2="Yes",1,0) -> 1 | E3: =IF(Key!$D$3="Yes",1,0) -> 1 | F3: =IF(Key!$D$4="Yes",1,0) -> 1 | G3: =IF(Key!$D$5="Yes",1,0) -> 0 | H3: =IF(Key!$D$6="Yes",1,0) -> 1 | I3: =IF(Key!$D$7="Yes",1,0) -> 1 | J3: =IF(Key!$D$8="Yes",1,0) -> 1 | K3: =IF(Key!$D$9="Yes",1,0) -> 0 | L3: =IF(Key!$D$10="Yes",1,0) -> 1 | M3: =IF(Key!$D$11="Yes",1,0) -> 1 | N3: =IF(Key!$D$12="Yes",1,0) -> 1 | O3: =IF(Key!$D$13="Yes",1,0) -> 0 | P3: =IF(Key!$D$14="Yes",1,0) -> 1 | Q3: =IF(Key!$D$15="Yes",1,0) -> 1 | R3: =IF(Key!$D$16="Yes",1,0) -> 1 | S3: =IF(Key!$D$17="Yes",1,0) -> 0
AA4: =IF(COUNTA(A4,D4:S4)=0,"",SUMPRODUCT(--(D4:S4=D$2:S$2))) | AB4: =IF(COUNTA(A4,D4:S4)=0,"",SUMPRODUCT((D4:S4=D$2:S$2)*D$3:S$3)) | AC4: =IF(COUNTA(A4,D4:S4)=0,"",AA4-AB4) | AD4: =IF(COUNT(T4:U4)=0,"",AVERAGE(T4:U4)) | AE4: =IF(COUNT(V4:Z4)=0,"",AVERAGE(V4:Z4)) | AF4: =IF(COUNT(T4:U4)<2,"",IF(ABS(T4-U4)>=2,"Check",""))
AA5: =IF(COUNTA(A5,D5:S5)=0,"",SUMPRODUCT(--(D5:S5=D$2:S$2))) | AB5: =IF(COUNTA(A5,D5:S5)=0,"",SUMPRODUCT((D5:S5=D$2:S$2)*D$3:S$3)) | AC5: =IF(COUNTA(A5,D5:S5)=0,"",AA5-AB5) | AD5: =IF(COUNT(T5:U5)=0,"",AVERAGE(T5:U5)) | AE5: =IF(COUNT(V5:Z5)=0,"",AVERAGE(V5:Z5)) | AF5: =IF(COUNT(T5:U5)<2,"",IF(ABS(T5-U5)>=2,"Check",""))
AA6: =IF(COUNTA(A6,D6:S6)=0,"",SUMPRODUCT(--(D6:S6=D$2:S$2))) | AB6: =IF(COUNTA(A6,D6:S6)=0,"",SUMPRODUCT((D6:S6=D$2:S$2)*D$3:S$3)) | AC6: =IF(COUNTA(A6,D6:S6)=0,"",AA6-AB6) | AD6: =IF(COUNT(T6:U6)=0,"",AVERAGE(T6:U6)) | AE6: =IF(COUNT(V6:Z6)=0,"",AVERAGE(V6:Z6)) | AF6: =IF(COUNT(T6:U6)<2,"",IF(ABS(T6-U6)>=2,"Check",""))
AA7: =IF(COUNTA(A7,D7:S7)=0,"",SUMPRODUCT(--(D7:S7=D$2:S$2))) | AB7: =IF(COUNTA(A7,D7:S7)=0,"",SUMPRODUCT((D7:S7=D$2:S$2)*D$3:S$3)) | AC7: =IF(COUNTA(A7,D7:S7)=0,"",AA7-AB7) | AD7: =IF(COUNT(T7:U7)=0,"",AVERAGE(T7:U7)) | AE7: =IF(COUNT(V7:Z7)=0,"",AVERAGE(V7:Z7)) | AF7: =IF(COUNT(T7:U7)<2,"",IF(ABS(T7-U7)>=2,"Check",""))
AA8: =IF(COUNTA(A8,D8:S8)=0,"",SUMPRODUCT(--(D8:S8=D$2:S$2))) | AB8: =IF(COUNTA(A8,D8:S8)=0,"",SUMPRODUCT((D8:S8=D$2:S$2)*D$3:S$3)) | AC8: =IF(COUNTA(A8,D8:S8)=0,"",AA8-AB8) | AD8: =IF(COUNT(T8:U8)=0,"",AVERAGE(T8:U8)) | AE8: =IF(COUNT(V8:Z8)=0,"",AVERAGE(V8:Z8)) | AF8: =IF(COUNT(T8:U8)<2,"",IF(ABS(T8-U8)>=2,"Check",""))
AA9: =IF(COUNTA(A9,D9:S9)=0,"",SUMPRODUCT(--(D9:S9=D$2:S$2))) | AB9: =IF(COUNTA(A9,D9:S9)=0,"",SUMPRODUCT((D9:S9=D$2:S$2)*D$3:S$3)) | AC9: =IF(COUNTA(A9,D9:S9)=0,"",AA9-AB9) | AD9: =IF(COUNT(T9:U9)=0,"",AVERAGE(T9:U9)) | AE9: =IF(COUNT(V9:Z9)=0,"",AVERAGE(V9:Z9)) | AF9: =IF(COUNT(T9:U9)<2,"",IF(ABS(T9-U9)>=2,"Check",""))
AA10: =IF(COUNTA(A10,D10:S10)=0,"",SUMPRODUCT(--(D10:S10=D$2:S$2))) | AB10: =IF(COUNTA(A10,D10:S10)=0,"",SUMPRODUCT((D10:S10=D$2:S$2)*D$3:S$3)) | AC10: =IF(COUNTA(A10,D10:S10)=0,"",AA10-AB10) | AD10: =IF(COUNT(T10:U10)=0,"",AVERAGE(T10:U10)) | AE10: =IF(COUNT(V10:Z10)=0,"",AVERAGE(V10:Z10)) | AF10: =IF(COUNT(T10:U10)<2,"",IF(ABS(T10-U10)>=2,"Check",""))
AA11: =IF(COUNTA(A11,D11:S11)=0,"",SUMPRODUCT(--(D11:S11=D$2:S$2))) | AB11: =IF(COUNTA(A11,D11:S11)=0,"",SUMPRODUCT((D11:S11=D$2:S$2)*D$3:S$3)) | AC11: =IF(COUNTA(A11,D11:S11)=0,"",AA11-AB11) | AD11: =IF(COUNT(T11:U11)=0,"",AVERAGE(T11:U11)) | AE11: =IF(COUNT(V11:Z11)=0,"",AVERAGE(V11:Z11)) | AF11: =IF(COUNT(T11:U11)<2,"",IF(ABS(T11-U11)>=2,"Check",""))
AA12: =IF(COUNTA(A12,D12:S12)=0,"",SUMPRODUCT(--(D12:S12=D$2:S$2))) | AB12: =IF(COUNTA(A12,D12:S12)=0,"",SUMPRODUCT((D12:S12=D$2:S$2)*D$3:S$3)) | AC12: =IF(COUNTA(A12,D12:S12)=0,"",AA12-AB12) | AD12: =IF(COUNT(T12:U12)=0,"",AVERAGE(T12:U12)) | AE12: =IF(COUNT(V12:Z12)=0,"",AVERAGE(V12:Z12)) | AF12: =IF(COUNT(T12:U12)<2,"",IF(ABS(T12-U12)>=2,"Check",""))
AA13: =IF(COUNTA(A13,D13:S13)=0,"",SUMPRODUCT(--(D13:S13=D$2:S$2))) | AB13: =IF(COUNTA(A13,D13:S13)=0,"",SUMPRODUCT((D13:S13=D$2:S$2)*D$3:S$3)) | AC13: =IF(COUNTA(A13,D13:S13)=0,"",AA13-AB13) | AD13: =IF(COUNT(T13:U13)=0,"",AVERAGE(T13:U13)) | AE13: =IF(COUNT(V13:Z13)=0,"",AVERAGE(V13:Z13)) | AF13: =IF(COUNT(T13:U13)<2,"",IF(ABS(T13-U13)>=2,"Check",""))
AA14: =IF(COUNTA(A14,D14:S14)=0,"",SUMPRODUCT(--(D14:S14=D$2:S$2))) | AB14: =IF(COUNTA(A14,D14:S14)=0,"",SUMPRODUCT((D14:S14=D$2:S$2)*D$3:S$3)) | AC14: =IF(COUNTA(A14,D14:S14)=0,"",AA14-AB14) | AD14: =IF(COUNT(T14:U14)=0,"",AVERAGE(T14:U14)) | AE14: =IF(COUNT(V14:Z14)=0,"",AVERAGE(V14:Z14)) | AF14: =IF(COUNT(T14:U14)<2,"",IF(ABS(T14-U14)>=2,"Check",""))
AA15: =IF(COUNTA(A15,D15:S15)=0,"",SUMPRODUCT(--(D15:S15=D$2:S$2))) | AB15: =IF(COUNTA(A15,D15:S15)=0,"",SUMPRODUCT((D15:S15=D$2:S$2)*D$3:S$3)) | AC15: =IF(COUNTA(A15,D15:S15)=0,"",AA15-AB15) | AD15: =IF(COUNT(T15:U15)=0,"",AVERAGE(T15:U15)) | AE15: =IF(COUNT(V15:Z15)=0,"",AVERAGE(V15:Z15)) | AF15: =IF(COUNT(T15:U15)<2,"",IF(ABS(T15-U15)>=2,"Check",""))
... AA203: =IF(COUNTA(A203,D203:S203)=0,"",SUMPRODUCT(--(D203:S203=D$2:S$2))) | AB203: =IF(COUNTA(A203,D203:S203)=0,"",SUMPRODUCT((D203:S203=D$2:S$2)*D$3:S$3)) | AC203: =IF(COUNTA(A203,D203:S203)=0,"",AA203-AB203) | AD203: =IF(COUNT(T203:U203)=0,"",AVERAGE(T203:U203)) | AE203: =IF(COUNT(V203:Z203)=0,"",AVERAGE(V203:Z203)) | AF203: =IF(COUNT(T203:U203)<2,"",IF(ABS(T203-U203)>=2,"Check",""))

Sheet Results
A1: Before-and-after check: results
A2: Type each learner's code once in column A (yellow), from row 15. The summary counts learners with both sessions.
A3: Learners with both sessions | D3: =SUM(N15:N114) -> 0
A4: Average score before (of 16) | D4: =IFERROR(AVERAGEIFS(B15:B114,N15:N114,1),"")
A5: Average score after (of 16) | D5: =IFERROR(AVERAGEIFS(C15:C114,N15:N114,1),"")
A6: Average change | D6: =IFERROR(AVERAGEIFS(D15:D114,N15:N114,1),"")
A7: Share who improved | D7: =IFERROR(COUNTIFS(N15:N114,1,D15:D114,">0")/SUM(N15:N114),"")
A8: Average normalised gain | D8: =IFERROR(AVERAGEIFS(E15:E114,N15:N114,1),"")
A9: Taught questions: change in % right | D9: =IFERROR((AVERAGEIFS(G15:G114,N15:N114,1)-AVERAGEIFS(F15:F114,N15:N114,1))/12,"")
A10: Untaught questions: change in % right | D10: =IFERROR((AVERAGEIFS(I15:I114,N15:N114,1)-AVERAGEIFS(H15:H114,N15:N114,1))/4,"")
A11: Writing: average change (of 6) | D11: =IFERROR(AVERAGEIFS(K15:K114,N15:N114,1,J15:J114,">=0",K15:K114,">=0")-AVERAGEIFS(J15:J114,N15:N114,1,J15:J114,">=0",K15:K114,">=0"),"")
A12: Confidence: average change (1–4) | D12: =IFERROR(AVERAGEIFS(M15:M114,N15:N114,1,L15:L114,">=1",M15:M114,">=1")-AVERAGEIFS(L15:L114,N15:N114,1,L15:L114,">=1",M15:M114,">=1"),"")
A14: Code | B14: Before (of 16) | C14: After (of 16) | D14: Change | E14: Normalised gain | F14: Taught before (of 12) | G14: Taught after (of 12) | H14: Untaught before (of 4) | I14: Untaught after (of 4) | J14: Writing before (of 6) | K14: Writing after (of 6) | L14: Confidence before (1–4) | M14: Confidence after (1–4) | N14: Both sessions | O14: Note
B15: =IF(OR($A15="",COUNTIFS(Answers!$A$4:$A$203,$A15,Answers!$B$4:$B$203,"First")=0),"",SUMIFS(Answers!$AA$4:$AA$203,Answers!$A$4:$A$203,$A15,Answers!$B$4:$B$203,"First")) | C15: =IF(OR($A15="",COUNTIFS(Answers!$A$4:$A$203,$A15,Answers!$B$4:$B$203,"Last")=0),"",SUMIFS(Answers!$AA$4:$AA$203,Answers!$A$4:$A$203,$A15,Answers!$B$4:$B$203,"Last")) | D15: =IF(N15=1,C15-B15,"") | E15: =IF(OR(N15<>1,B15=16),"",(C15-B15)/(16-B15)) | F15: =IF(OR($A15="",COUNTIFS(Answers!$A$4:$A$203,$A15,Answers!$B$4:$B$203,"First")=0),"",SUMIFS(Answers!$AB$4:$AB$203,Answers!$A$4:$A$203,$A15,Answers!$B$4:$B$203,"First")) | G15: =IF(OR($A15="",COUNTIFS(Answers!$A$4:$A$203,$A15,Answers!$B$4:$B$203,"Last")=0),"",SUMIFS(Answers!$AB$4:$AB$203,Answers!$A$4:$A$203,$A15,Answers!$B$4:$B$203,"Last")) | H15: =IF(OR($A15="",COUNTIFS(Answers!$A$4:$A$203,$A15,Answers!$B$4:$B$203,"First")=0),"",SUMIFS(Answers!$AC$4:$AC$203,Answers!$A$4:$A$203,$A15,Answers!$B$4:$B$203,"First")) | I15: =IF(OR($A15="",COUNTIFS(Answers!$A$4:$A$203,$A15,Answers!$B$4:$B$203,"Last")=0),"",SUMIFS(Answers!$AC$4:$AC$203,Answers!$A$4:$A$203,$A15,Answers!$B$4:$B$203,"Last")) | J15: =IF(OR($A15="",COUNTIFS(Answers!$A$4:$A$203,$A15,Answers!$B$4:$B$203,"First")=0),"",SUMIFS(Answers!$AD$4:$AD$203,Answers!$A$4:$A$203,$A15,Answers!$B$4:$B$203,"First")) | K15: =IF(OR($A15="",COUNTIFS(Answers!$A$4:$A$203,$A15,Answers!$B$4:$B$203,"Last")=0),"",SUMIFS(Answers!$AD$4:$AD$203,Answers!$A$4:$A$203,$A15,Answers!$B$4:$B$203,"Last")) | L15: =IF(OR($A15="",COUNTIFS(Answers!$A$4:$A$203,$A15,Answers!$B$4:$B$203,"First")=0),"",SUMIFS(Answers!$AE$4:$AE$203,Answers!$A$4:$A$203,$A15,Answers!$B$4:$B$203,"First")) | M15: =IF(OR($A15="",COUNTIFS(Answers!$A$4:$A$203,$A15,Answers!$B$4:$B$203,"Last")=0),"",SUMIFS(Answers!$AE$4:$AE$203,Answers!$A$4:$A$203,$A15,Answers!$B$4:$B$203,"Last")) | N15: =IF(AND(B15<>"",C15<>""),1,0) -> 0 | O15: =IF($A15="","",IF(MAX(COUNTIFS(Answers!$A$4:$A$203,$A15,Answers!$B$4:$B$203,"First"),COUNTIFS(Answers!$A$4:$A$203,$A15,Answers!$B$4:$B$203,"Last"))>1,"Two rows for one session: keep one",IF(B15="","No first session",IF(C15="","No last session",""))))
B16: =IF(OR($A16="",COUNTIFS(Answers!$A$4:$A$203,$A16,Answers!$B$4:$B$203,"First")=0),"",SUMIFS(Answers!$AA$4:$AA$203,Answers!$A$4:$A$203,$A16,Answers!$B$4:$B$203,"First")) | C16: =IF(OR($A16="",COUNTIFS(Answers!$A$4:$A$203,$A16,Answers!$B$4:$B$203,"Last")=0),"",SUMIFS(Answers!$AA$4:$AA$203,Answers!$A$4:$A$203,$A16,Answers!$B$4:$B$203,"Last")) | D16: =IF(N16=1,C16-B16,"") | E16: =IF(OR(N16<>1,B16=16),"",(C16-B16)/(16-B16)) | F16: =IF(OR($A16="",COUNTIFS(Answers!$A$4:$A$203,$A16,Answers!$B$4:$B$203,"First")=0),"",SUMIFS(Answers!$AB$4:$AB$203,Answers!$A$4:$A$203,$A16,Answers!$B$4:$B$203,"First")) | G16: =IF(OR($A16="",COUNTIFS(Answers!$A$4:$A$203,$A16,Answers!$B$4:$B$203,"Last")=0),"",SUMIFS(Answers!$AB$4:$AB$203,Answers!$A$4:$A$203,$A16,Answers!$B$4:$B$203,"Last")) | H16: =IF(OR($A16="",COUNTIFS(Answers!$A$4:$A$203,$A16,Answers!$B$4:$B$203,"First")=0),"",SUMIFS(Answers!$AC$4:$AC$203,Answers!$A$4:$A$203,$A16,Answers!$B$4:$B$203,"First")) | I16: =IF(OR($A16="",COUNTIFS(Answers!$A$4:$A$203,$A16,Answers!$B$4:$B$203,"Last")=0),"",SUMIFS(Answers!$AC$4:$AC$203,Answers!$A$4:$A$203,$A16,Answers!$B$4:$B$203,"Last")) | J16: =IF(OR($A16="",COUNTIFS(Answers!$A$4:$A$203,$A16,Answers!$B$4:$B$203,"First")=0),"",SUMIFS(Answers!$AD$4:$AD$203,Answers!$A$4:$A$203,$A16,Answers!$B$4:$B$203,"First")) | K16: =IF(OR($A16="",COUNTIFS(Answers!$A$4:$A$203,$A16,Answers!$B$4:$B$203,"Last")=0),"",SUMIFS(Answers!$AD$4:$AD$203,Answers!$A$4:$A$203,$A16,Answers!$B$4:$B$203,"Last")) | L16: =IF(OR($A16="",COUNTIFS(Answers!$A$4:$A$203,$A16,Answers!$B$4:$B$203,"First")=0),"",SUMIFS(Answers!$AE$4:$AE$203,Answers!$A$4:$A$203,$A16,Answers!$B$4:$B$203,"First")) | M16: =IF(OR($A16="",COUNTIFS(Answers!$A$4:$A$203,$A16,Answers!$B$4:$B$203,"Last")=0),"",SUMIFS(Answers!$AE$4:$AE$203,Answers!$A$4:$A$203,$A16,Answers!$B$4:$B$203,"Last")) | N16: =IF(AND(B16<>"",C16<>""),1,0) -> 0 | O16: =IF($A16="","",IF(MAX(COUNTIFS(Answers!$A$4:$A$203,$A16,Answers!$B$4:$B$203,"First"),COUNTIFS(Answers!$A$4:$A$203,$A16,Answers!$B$4:$B$203,"Last"))>1,"Two rows for one session: keep one",IF(B16="","No first session",IF(C16="","No last session",""))))
B17: =IF(OR($A17="",COUNTIFS(Answers!$A$4:$A$203,$A17,Answers!$B$4:$B$203,"First")=0),"",SUMIFS(Answers!$AA$4:$AA$203,Answers!$A$4:$A$203,$A17,Answers!$B$4:$B$203,"First")) | C17: =IF(OR($A17="",COUNTIFS(Answers!$A$4:$A$203,$A17,Answers!$B$4:$B$203,"Last")=0),"",SUMIFS(Answers!$AA$4:$AA$203,Answers!$A$4:$A$203,$A17,Answers!$B$4:$B$203,"Last")) | D17: =IF(N17=1,C17-B17,"") | E17: =IF(OR(N17<>1,B17=16),"",(C17-B17)/(16-B17)) | F17: =IF(OR($A17="",COUNTIFS(Answers!$A$4:$A$203,$A17,Answers!$B$4:$B$203,"First")=0),"",SUMIFS(Answers!$AB$4:$AB$203,Answers!$A$4:$A$203,$A17,Answers!$B$4:$B$203,"First")) | G17: =IF(OR($A17="",COUNTIFS(Answers!$A$4:$A$203,$A17,Answers!$B$4:$B$203,"Last")=0),"",SUMIFS(Answers!$AB$4:$AB$203,Answers!$A$4:$A$203,$A17,Answers!$B$4:$B$203,"Last")) | H17: =IF(OR($A17="",COUNTIFS(Answers!$A$4:$A$203,$A17,Answers!$B$4:$B$203,"First")=0),"",SUMIFS(Answers!$AC$4:$AC$203,Answers!$A$4:$A$203,$A17,Answers!$B$4:$B$203,"First")) | I17: =IF(OR($A17="",COUNTIFS(Answers!$A$4:$A$203,$A17,Answers!$B$4:$B$203,"Last")=0),"",SUMIFS(Answers!$AC$4:$AC$203,Answers!$A$4:$A$203,$A17,Answers!$B$4:$B$203,"Last")) | J17: =IF(OR($A17="",COUNTIFS(Answers!$A$4:$A$203,$A17,Answers!$B$4:$B$203,"First")=0),"",SUMIFS(Answers!$AD$4:$AD$203,Answers!$A$4:$A$203,$A17,Answers!$B$4:$B$203,"First")) | K17: =IF(OR($A17="",COUNTIFS(Answers!$A$4:$A$203,$A17,Answers!$B$4:$B$203,"Last")=0),"",SUMIFS(Answers!$AD$4:$AD$203,Answers!$A$4:$A$203,$A17,Answers!$B$4:$B$203,"Last")) | L17: =IF(OR($A17="",COUNTIFS(Answers!$A$4:$A$203,$A17,Answers!$B$4:$B$203,"First")=0),"",SUMIFS(Answers!$AE$4:$AE$203,Answers!$A$4:$A$203,$A17,Answers!$B$4:$B$203,"First")) | M17: =IF(OR($A17="",COUNTIFS(Answers!$A$4:$A$203,$A17,Answers!$B$4:$B$203,"Last")=0),"",SUMIFS(Answers!$AE$4:$AE$203,Answers!$A$4:$A$203,$A17,Answers!$B$4:$B$203,"Last")) | N17: =IF(AND(B17<>"",C17<>""),1,0) -> 0 | O17: =IF($A17="","",IF(MAX(COUNTIFS(Answers!$A$4:$A$203,$A17,Answers!$B$4:$B$203,"First"),COUNTIFS(Answers!$A$4:$A$203,$A17,Answers!$B$4:$B$203,"Last"))>1,"Two rows for one session: keep one",IF(B17="","No first session",IF(C17="","No last session",""))))
B18: =IF(OR($A18="",COUNTIFS(Answers!$A$4:$A$203,$A18,Answers!$B$4:$B$203,"First")=0),"",SUMIFS(Answers!$AA$4:$AA$203,Answers!$A$4:$A$203,$A18,Answers!$B$4:$B$203,"First")) | C18: =IF(OR($A18="",COUNTIFS(Answers!$A$4:$A$203,$A18,Answers!$B$4:$B$203,"Last")=0),"",SUMIFS(Answers!$AA$4:$AA$203,Answers!$A$4:$A$203,$A18,Answers!$B$4:$B$203,"Last")) | D18: =IF(N18=1,C18-B18,"") | E18: =IF(OR(N18<>1,B18=16),"",(C18-B18)/(16-B18)) | F18: =IF(OR($A18="",COUNTIFS(Answers!$A$4:$A$203,$A18,Answers!$B$4:$B$203,"First")=0),"",SUMIFS(Answers!$AB$4:$AB$203,Answers!$A$4:$A$203,$A18,Answers!$B$4:$B$203,"First")) | G18: =IF(OR($A18="",COUNTIFS(Answers!$A$4:$A$203,$A18,Answers!$B$4:$B$203,"Last")=0),"",SUMIFS(Answers!$AB$4:$AB$203,Answers!$A$4:$A$203,$A18,Answers!$B$4:$B$203,"Last")) | H18: =IF(OR($A18="",COUNTIFS(Answers!$A$4:$A$203,$A18,Answers!$B$4:$B$203,"First")=0),"",SUMIFS(Answers!$AC$4:$AC$203,Answers!$A$4:$A$203,$A18,Answers!$B$4:$B$203,"First")) | I18: =IF(OR($A18="",COUNTIFS(Answers!$A$4:$A$203,$A18,Answers!$B$4:$B$203,"Last")=0),"",SUMIFS(Answers!$AC$4:$AC$203,Answers!$A$4:$A$203,$A18,Answers!$B$4:$B$203,"Last")) | J18: =IF(OR($A18="",COUNTIFS(Answers!$A$4:$A$203,$A18,Answers!$B$4:$B$203,"First")=0),"",SUMIFS(Answers!$AD$4:$AD$203,Answers!$A$4:$A$203,$A18,Answers!$B$4:$B$203,"First")) | K18: =IF(OR($A18="",COUNTIFS(Answers!$A$4:$A$203,$A18,Answers!$B$4:$B$203,"Last")=0),"",SUMIFS(Answers!$AD$4:$AD$203,Answers!$A$4:$A$203,$A18,Answers!$B$4:$B$203,"Last")) | L18: =IF(OR($A18="",COUNTIFS(Answers!$A$4:$A$203,$A18,Answers!$B$4:$B$203,"First")=0),"",SUMIFS(Answers!$AE$4:$AE$203,Answers!$A$4:$A$203,$A18,Answers!$B$4:$B$203,"First")) | M18: =IF(OR($A18="",COUNTIFS(Answers!$A$4:$A$203,$A18,Answers!$B$4:$B$203,"Last")=0),"",SUMIFS(Answers!$AE$4:$AE$203,Answers!$A$4:$A$203,$A18,Answers!$B$4:$B$203,"Last")) | N18: =IF(AND(B18<>"",C18<>""),1,0) -> 0 | O18: =IF($A18="","",IF(MAX(COUNTIFS(Answers!$A$4:$A$203,$A18,Answers!$B$4:$B$203,"First"),COUNTIFS(Answers!$A$4:$A$203,$A18,Answers!$B$4:$B$203,"Last"))>1,"Two rows for one session: keep one",IF(B18="","No first session",IF(C18="","No last session",""))))
B19: =IF(OR($A19="",COUNTIFS(Answers!$A$4:$A$203,$A19,Answers!$B$4:$B$203,"First")=0),"",SUMIFS(Answers!$AA$4:$AA$203,Answers!$A$4:$A$203,$A19,Answers!$B$4:$B$203,"First")) | C19: =IF(OR($A19="",COUNTIFS(Answers!$A$4:$A$203,$A19,Answers!$B$4:$B$203,"Last")=0),"",SUMIFS(Answers!$AA$4:$AA$203,Answers!$A$4:$A$203,$A19,Answers!$B$4:$B$203,"Last")) | D19: =IF(N19=1,C19-B19,"") | E19: =IF(OR(N19<>1,B19=16),"",(C19-B19)/(16-B19)) | F19: =IF(OR($A19="",COUNTIFS(Answers!$A$4:$A$203,$A19,Answers!$B$4:$B$203,"First")=0),"",SUMIFS(Answers!$AB$4:$AB$203,Answers!$A$4:$A$203,$A19,Answers!$B$4:$B$203,"First")) | G19: =IF(OR($A19="",COUNTIFS(Answers!$A$4:$A$203,$A19,Answers!$B$4:$B$203,"Last")=0),"",SUMIFS(Answers!$AB$4:$AB$203,Answers!$A$4:$A$203,$A19,Answers!$B$4:$B$203,"Last")) | H19: =IF(OR($A19="",COUNTIFS(Answers!$A$4:$A$203,$A19,Answers!$B$4:$B$203,"First")=0),"",SUMIFS(Answers!$AC$4:$AC$203,Answers!$A$4:$A$203,$A19,Answers!$B$4:$B$203,"First")) | I19: =IF(OR($A19="",COUNTIFS(Answers!$A$4:$A$203,$A19,Answers!$B$4:$B$203,"Last")=0),"",SUMIFS(Answers!$AC$4:$AC$203,Answers!$A$4:$A$203,$A19,Answers!$B$4:$B$203,"Last")) | J19: =IF(OR($A19="",COUNTIFS(Answers!$A$4:$A$203,$A19,Answers!$B$4:$B$203,"First")=0),"",SUMIFS(Answers!$AD$4:$AD$203,Answers!$A$4:$A$203,$A19,Answers!$B$4:$B$203,"First")) | K19: =IF(OR($A19="",COUNTIFS(Answers!$A$4:$A$203,$A19,Answers!$B$4:$B$203,"Last")=0),"",SUMIFS(Answers!$AD$4:$AD$203,Answers!$A$4:$A$203,$A19,Answers!$B$4:$B$203,"Last")) | L19: =IF(OR($A19="",COUNTIFS(Answers!$A$4:$A$203,$A19,Answers!$B$4:$B$203,"First")=0),"",SUMIFS(Answers!$AE$4:$AE$203,Answers!$A$4:$A$203,$A19,Answers!$B$4:$B$203,"First")) | M19: =IF(OR($A19="",COUNTIFS(Answers!$A$4:$A$203,$A19,Answers!$B$4:$B$203,"Last")=0),"",SUMIFS(Answers!$AE$4:$AE$203,Answers!$A$4:$A$203,$A19,Answers!$B$4:$B$203,"Last")) | N19: =IF(AND(B19<>"",C19<>""),1,0) -> 0 | O19: =IF($A19="","",IF(MAX(COUNTIFS(Answers!$A$4:$A$203,$A19,Answers!$B$4:$B$203,"First"),COUNTIFS(Answers!$A$4:$A$203,$A19,Answers!$B$4:$B$203,"Last"))>1,"Two rows for one session: keep one",IF(B19="","No first session",IF(C19="","No last session",""))))
B20: =IF(OR($A20="",COUNTIFS(Answers!$A$4:$A$203,$A20,Answers!$B$4:$B$203,"First")=0),"",SUMIFS(Answers!$AA$4:$AA$203,Answers!$A$4:$A$203,$A20,Answers!$B$4:$B$203,"First")) | C20: =IF(OR($A20="",COUNTIFS(Answers!$A$4:$A$203,$A20,Answers!$B$4:$B$203,"Last")=0),"",SUMIFS(Answers!$AA$4:$AA$203,Answers!$A$4:$A$203,$A20,Answers!$B$4:$B$203,"Last")) | D20: =IF(N20=1,C20-B20,"") | E20: =IF(OR(N20<>1,B20=16),"",(C20-B20)/(16-B20)) | F20: =IF(OR($A20="",COUNTIFS(Answers!$A$4:$A$203,$A20,Answers!$B$4:$B$203,"First")=0),"",SUMIFS(Answers!$AB$4:$AB$203,Answers!$A$4:$A$203,$A20,Answers!$B$4:$B$203,"First")) | G20: =IF(OR($A20="",COUNTIFS(Answers!$A$4:$A$203,$A20,Answers!$B$4:$B$203,"Last")=0),"",SUMIFS(Answers!$AB$4:$AB$203,Answers!$A$4:$A$203,$A20,Answers!$B$4:$B$203,"Last")) | H20: =IF(OR($A20="",COUNTIFS(Answers!$A$4:$A$203,$A20,Answers!$B$4:$B$203,"First")=0),"",SUMIFS(Answers!$AC$4:$AC$203,Answers!$A$4:$A$203,$A20,Answers!$B$4:$B$203,"First")) | I20: =IF(OR($A20="",COUNTIFS(Answers!$A$4:$A$203,$A20,Answers!$B$4:$B$203,"Last")=0),"",SUMIFS(Answers!$AC$4:$AC$203,Answers!$A$4:$A$203,$A20,Answers!$B$4:$B$203,"Last")) | J20: =IF(OR($A20="",COUNTIFS(Answers!$A$4:$A$203,$A20,Answers!$B$4:$B$203,"First")=0),"",SUMIFS(Answers!$AD$4:$AD$203,Answers!$A$4:$A$203,$A20,Answers!$B$4:$B$203,"First")) | K20: =IF(OR($A20="",COUNTIFS(Answers!$A$4:$A$203,$A20,Answers!$B$4:$B$203,"Last")=0),"",SUMIFS(Answers!$AD$4:$AD$203,Answers!$A$4:$A$203,$A20,Answers!$B$4:$B$203,"Last")) | L20: =IF(OR($A20="",COUNTIFS(Answers!$A$4:$A$203,$A20,Answers!$B$4:$B$203,"First")=0),"",SUMIFS(Answers!$AE$4:$AE$203,Answers!$A$4:$A$203,$A20,Answers!$B$4:$B$203,"First")) | M20: =IF(OR($A20="",COUNTIFS(Answers!$A$4:$A$203,$A20,Answers!$B$4:$B$203,"Last")=0),"",SUMIFS(Answers!$AE$4:$AE$203,Answers!$A$4:$A$203,$A20,Answers!$B$4:$B$203,"Last")) | N20: =IF(AND(B20<>"",C20<>""),1,0) -> 0 | O20: =IF($A20="","",IF(MAX(COUNTIFS(Answers!$A$4:$A$203,$A20,Answers!$B$4:$B$203,"First"),COUNTIFS(Answers!$A$4:$A$203,$A20,Answers!$B$4:$B$203,"Last"))>1,"Two rows for one session: keep one",IF(B20="","No first session",IF(C20="","No last session",""))))
B21: =IF(OR($A21="",COUNTIFS(Answers!$A$4:$A$203,$A21,Answers!$B$4:$B$203,"First")=0),"",SUMIFS(Answers!$AA$4:$AA$203,Answers!$A$4:$A$203,$A21,Answers!$B$4:$B$203,"First")) | C21: =IF(OR($A21="",COUNTIFS(Answers!$A$4:$A$203,$A21,Answers!$B$4:$B$203,"Last")=0),"",SUMIFS(Answers!$AA$4:$AA$203,Answers!$A$4:$A$203,$A21,Answers!$B$4:$B$203,"Last")) | D21: =IF(N21=1,C21-B21,"") | E21: =IF(OR(N21<>1,B21=16),"",(C21-B21)/(16-B21)) | F21: =IF(OR($A21="",COUNTIFS(Answers!$A$4:$A$203,$A21,Answers!$B$4:$B$203,"First")=0),"",SUMIFS(Answers!$AB$4:$AB$203,Answers!$A$4:$A$203,$A21,Answers!$B$4:$B$203,"First")) | G21: =IF(OR($A21="",COUNTIFS(Answers!$A$4:$A$203,$A21,Answers!$B$4:$B$203,"Last")=0),"",SUMIFS(Answers!$AB$4:$AB$203,Answers!$A$4:$A$203,$A21,Answers!$B$4:$B$203,"Last")) | H21: =IF(OR($A21="",COUNTIFS(Answers!$A$4:$A$203,$A21,Answers!$B$4:$B$203,"First")=0),"",SUMIFS(Answers!$AC$4:$AC$203,Answers!$A$4:$A$203,$A21,Answers!$B$4:$B$203,"First")) | I21: =IF(OR($A21="",COUNTIFS(Answers!$A$4:$A$203,$A21,Answers!$B$4:$B$203,"Last")=0),"",SUMIFS(Answers!$AC$4:$AC$203,Answers!$A$4:$A$203,$A21,Answers!$B$4:$B$203,"Last")) | J21: =IF(OR($A21="",COUNTIFS(Answers!$A$4:$A$203,$A21,Answers!$B$4:$B$203,"First")=0),"",SUMIFS(Answers!$AD$4:$AD$203,Answers!$A$4:$A$203,$A21,Answers!$B$4:$B$203,"First")) | K21: =IF(OR($A21="",COUNTIFS(Answers!$A$4:$A$203,$A21,Answers!$B$4:$B$203,"Last")=0),"",SUMIFS(Answers!$AD$4:$AD$203,Answers!$A$4:$A$203,$A21,Answers!$B$4:$B$203,"Last")) | L21: =IF(OR($A21="",COUNTIFS(Answers!$A$4:$A$203,$A21,Answers!$B$4:$B$203,"First")=0),"",SUMIFS(Answers!$AE$4:$AE$203,Answers!$A$4:$A$203,$A21,Answers!$B$4:$B$203,"First")) | M21: =IF(OR($A21="",COUNTIFS(Answers!$A$4:$A$203,$A21,Answers!$B$4:$B$203,"Last")=0),"",SUMIFS(Answers!$AE$4:$AE$203,Answers!$A$4:$A$203,$A21,Answers!$B$4:$B$203,"Last")) | N21: =IF(AND(B21<>"",C21<>""),1,0) -> 0 | O21: =IF($A21="","",IF(MAX(COUNTIFS(Answers!$A$4:$A$203,$A21,Answers!$B$4:$B$203,"First"),COUNTIFS(Answers!$A$4:$A$203,$A21,Answers!$B$4:$B$203,"Last"))>1,"Two rows for one session: keep one",IF(B21="","No first session",IF(C21="","No last session",""))))
B22: =IF(OR($A22="",COUNTIFS(Answers!$A$4:$A$203,$A22,Answers!$B$4:$B$203,"First")=0),"",SUMIFS(Answers!$AA$4:$AA$203,Answers!$A$4:$A$203,$A22,Answers!$B$4:$B$203,"First")) | C22: =IF(OR($A22="",COUNTIFS(Answers!$A$4:$A$203,$A22,Answers!$B$4:$B$203,"Last")=0),"",SUMIFS(Answers!$AA$4:$AA$203,Answers!$A$4:$A$203,$A22,Answers!$B$4:$B$203,"Last")) | D22: =IF(N22=1,C22-B22,"") | E22: =IF(OR(N22<>1,B22=16),"",(C22-B22)/(16-B22)) | F22: =IF(OR($A22="",COUNTIFS(Answers!$A$4:$A$203,$A22,Answers!$B$4:$B$203,"First")=0),"",SUMIFS(Answers!$AB$4:$AB$203,Answers!$A$4:$A$203,$A22,Answers!$B$4:$B$203,"First")) | G22: =IF(OR($A22="",COUNTIFS(Answers!$A$4:$A$203,$A22,Answers!$B$4:$B$203,"Last")=0),"",SUMIFS(Answers!$AB$4:$AB$203,Answers!$A$4:$A$203,$A22,Answers!$B$4:$B$203,"Last")) | H22: =IF(OR($A22="",COUNTIFS(Answers!$A$4:$A$203,$A22,Answers!$B$4:$B$203,"First")=0),"",SUMIFS(Answers!$AC$4:$AC$203,Answers!$A$4:$A$203,$A22,Answers!$B$4:$B$203,"First")) | I22: =IF(OR($A22="",COUNTIFS(Answers!$A$4:$A$203,$A22,Answers!$B$4:$B$203,"Last")=0),"",SUMIFS(Answers!$AC$4:$AC$203,Answers!$A$4:$A$203,$A22,Answers!$B$4:$B$203,"Last")) | J22: =IF(OR($A22="",COUNTIFS(Answers!$A$4:$A$203,$A22,Answers!$B$4:$B$203,"First")=0),"",SUMIFS(Answers!$AD$4:$AD$203,Answers!$A$4:$A$203,$A22,Answers!$B$4:$B$203,"First")) | K22: =IF(OR($A22="",COUNTIFS(Answers!$A$4:$A$203,$A22,Answers!$B$4:$B$203,"Last")=0),"",SUMIFS(Answers!$AD$4:$AD$203,Answers!$A$4:$A$203,$A22,Answers!$B$4:$B$203,"Last")) | L22: =IF(OR($A22="",COUNTIFS(Answers!$A$4:$A$203,$A22,Answers!$B$4:$B$203,"First")=0),"",SUMIFS(Answers!$AE$4:$AE$203,Answers!$A$4:$A$203,$A22,Answers!$B$4:$B$203,"First")) | M22: =IF(OR($A22="",COUNTIFS(Answers!$A$4:$A$203,$A22,Answers!$B$4:$B$203,"Last")=0),"",SUMIFS(Answers!$AE$4:$AE$203,Answers!$A$4:$A$203,$A22,Answers!$B$4:$B$203,"Last")) | N22: =IF(AND(B22<>"",C22<>""),1,0) -> 0 | O22: =IF($A22="","",IF(MAX(COUNTIFS(Answers!$A$4:$A$203,$A22,Answers!$B$4:$B$203,"First"),COUNTIFS(Answers!$A$4:$A$203,$A22,Answers!$B$4:$B$203,"Last"))>1,"Two rows for one session: keep one",IF(B22="","No first session",IF(C22="","No last session",""))))
B23: =IF(OR($A23="",COUNTIFS(Answers!$A$4:$A$203,$A23,Answers!$B$4:$B$203,"First")=0),"",SUMIFS(Answers!$AA$4:$AA$203,Answers!$A$4:$A$203,$A23,Answers!$B$4:$B$203,"First")) | C23: =IF(OR($A23="",COUNTIFS(Answers!$A$4:$A$203,$A23,Answers!$B$4:$B$203,"Last")=0),"",SUMIFS(Answers!$AA$4:$AA$203,Answers!$A$4:$A$203,$A23,Answers!$B$4:$B$203,"Last")) | D23: =IF(N23=1,C23-B23,"") | E23: =IF(OR(N23<>1,B23=16),"",(C23-B23)/(16-B23)) | F23: =IF(OR($A23="",COUNTIFS(Answers!$A$4:$A$203,$A23,Answers!$B$4:$B$203,"First")=0),"",SUMIFS(Answers!$AB$4:$AB$203,Answers!$A$4:$A$203,$A23,Answers!$B$4:$B$203,"First")) | G23: =IF(OR($A23="",COUNTIFS(Answers!$A$4:$A$203,$A23,Answers!$B$4:$B$203,"Last")=0),"",SUMIFS(Answers!$AB$4:$AB$203,Answers!$A$4:$A$203,$A23,Answers!$B$4:$B$203,"Last")) | H23: =IF(OR($A23="",COUNTIFS(Answers!$A$4:$A$203,$A23,Answers!$B$4:$B$203,"First")=0),"",SUMIFS(Answers!$AC$4:$AC$203,Answers!$A$4:$A$203,$A23,Answers!$B$4:$B$203,"First")) | I23: =IF(OR($A23="",COUNTIFS(Answers!$A$4:$A$203,$A23,Answers!$B$4:$B$203,"Last")=0),"",SUMIFS(Answers!$AC$4:$AC$203,Answers!$A$4:$A$203,$A23,Answers!$B$4:$B$203,"Last")) | J23: =IF(OR($A23="",COUNTIFS(Answers!$A$4:$A$203,$A23,Answers!$B$4:$B$203,"First")=0),"",SUMIFS(Answers!$AD$4:$AD$203,Answers!$A$4:$A$203,$A23,Answers!$B$4:$B$203,"First")) | K23: =IF(OR($A23="",COUNTIFS(Answers!$A$4:$A$203,$A23,Answers!$B$4:$B$203,"Last")=0),"",SUMIFS(Answers!$AD$4:$AD$203,Answers!$A$4:$A$203,$A23,Answers!$B$4:$B$203,"Last")) | L23: =IF(OR($A23="",COUNTIFS(Answers!$A$4:$A$203,$A23,Answers!$B$4:$B$203,"First")=0),"",SUMIFS(Answers!$AE$4:$AE$203,Answers!$A$4:$A$203,$A23,Answers!$B$4:$B$203,"First")) | M23: =IF(OR($A23="",COUNTIFS(Answers!$A$4:$A$203,$A23,Answers!$B$4:$B$203,"Last")=0),"",SUMIFS(Answers!$AE$4:$AE$203,Answers!$A$4:$A$203,$A23,Answers!$B$4:$B$203,"Last")) | N23: =IF(AND(B23<>"",C23<>""),1,0) -> 0 | O23: =IF($A23="","",IF(MAX(COUNTIFS(Answers!$A$4:$A$203,$A23,Answers!$B$4:$B$203,"First"),COUNTIFS(Answers!$A$4:$A$203,$A23,Answers!$B$4:$B$203,"Last"))>1,"Two rows for one session: keep one",IF(B23="","No first session",IF(C23="","No last session",""))))
B24: =IF(OR($A24="",COUNTIFS(Answers!$A$4:$A$203,$A24,Answers!$B$4:$B$203,"First")=0),"",SUMIFS(Answers!$AA$4:$AA$203,Answers!$A$4:$A$203,$A24,Answers!$B$4:$B$203,"First")) | C24: =IF(OR($A24="",COUNTIFS(Answers!$A$4:$A$203,$A24,Answers!$B$4:$B$203,"Last")=0),"",SUMIFS(Answers!$AA$4:$AA$203,Answers!$A$4:$A$203,$A24,Answers!$B$4:$B$203,"Last")) | D24: =IF(N24=1,C24-B24,"") | E24: =IF(OR(N24<>1,B24=16),"",(C24-B24)/(16-B24)) | F24: =IF(OR($A24="",COUNTIFS(Answers!$A$4:$A$203,$A24,Answers!$B$4:$B$203,"First")=0),"",SUMIFS(Answers!$AB$4:$AB$203,Answers!$A$4:$A$203,$A24,Answers!$B$4:$B$203,"First")) | G24: =IF(OR($A24="",COUNTIFS(Answers!$A$4:$A$203,$A24,Answers!$B$4:$B$203,"Last")=0),"",SUMIFS(Answers!$AB$4:$AB$203,Answers!$A$4:$A$203,$A24,Answers!$B$4:$B$203,"Last")) | H24: =IF(OR($A24="",COUNTIFS(Answers!$A$4:$A$203,$A24,Answers!$B$4:$B$203,"First")=0),"",SUMIFS(Answers!$AC$4:$AC$203,Answers!$A$4:$A$203,$A24,Answers!$B$4:$B$203,"First")) | I24: =IF(OR($A24="",COUNTIFS(Answers!$A$4:$A$203,$A24,Answers!$B$4:$B$203,"Last")=0),"",SUMIFS(Answers!$AC$4:$AC$203,Answers!$A$4:$A$203,$A24,Answers!$B$4:$B$203,"Last")) | J24: =IF(OR($A24="",COUNTIFS(Answers!$A$4:$A$203,$A24,Answers!$B$4:$B$203,"First")=0),"",SUMIFS(Answers!$AD$4:$AD$203,Answers!$A$4:$A$203,$A24,Answers!$B$4:$B$203,"First")) | K24: =IF(OR($A24="",COUNTIFS(Answers!$A$4:$A$203,$A24,Answers!$B$4:$B$203,"Last")=0),"",SUMIFS(Answers!$AD$4:$AD$203,Answers!$A$4:$A$203,$A24,Answers!$B$4:$B$203,"Last")) | L24: =IF(OR($A24="",COUNTIFS(Answers!$A$4:$A$203,$A24,Answers!$B$4:$B$203,"First")=0),"",SUMIFS(Answers!$AE$4:$AE$203,Answers!$A$4:$A$203,$A24,Answers!$B$4:$B$203,"First")) | M24: =IF(OR($A24="",COUNTIFS(Answers!$A$4:$A$203,$A24,Answers!$B$4:$B$203,"Last")=0),"",SUMIFS(Answers!$AE$4:$AE$203,Answers!$A$4:$A$203,$A24,Answers!$B$4:$B$203,"Last")) | N24: =IF(AND(B24<>"",C24<>""),1,0) -> 0 | O24: =IF($A24="","",IF(MAX(COUNTIFS(Answers!$A$4:$A$203,$A24,Answers!$B$4:$B$203,"First"),COUNTIFS(Answers!$A$4:$A$203,$A24,Answers!$B$4:$B$203,"Last"))>1,"Two rows for one session: keep one",IF(B24="","No first session",IF(C24="","No last session",""))))
B25: =IF(OR($A25="",COUNTIFS(Answers!$A$4:$A$203,$A25,Answers!$B$4:$B$203,"First")=0),"",SUMIFS(Answers!$AA$4:$AA$203,Answers!$A$4:$A$203,$A25,Answers!$B$4:$B$203,"First")) | C25: =IF(OR($A25="",COUNTIFS(Answers!$A$4:$A$203,$A25,Answers!$B$4:$B$203,"Last")=0),"",SUMIFS(Answers!$AA$4:$AA$203,Answers!$A$4:$A$203,$A25,Answers!$B$4:$B$203,"Last")) | D25: =IF(N25=1,C25-B25,"") | E25: =IF(OR(N25<>1,B25=16),"",(C25-B25)/(16-B25)) | F25: =IF(OR($A25="",COUNTIFS(Answers!$A$4:$A$203,$A25,Answers!$B$4:$B$203,"First")=0),"",SUMIFS(Answers!$AB$4:$AB$203,Answers!$A$4:$A$203,$A25,Answers!$B$4:$B$203,"First")) | G25: =IF(OR($A25="",COUNTIFS(Answers!$A$4:$A$203,$A25,Answers!$B$4:$B$203,"Last")=0),"",SUMIFS(Answers!$AB$4:$AB$203,Answers!$A$4:$A$203,$A25,Answers!$B$4:$B$203,"Last")) | H25: =IF(OR($A25="",COUNTIFS(Answers!$A$4:$A$203,$A25,Answers!$B$4:$B$203,"First")=0),"",SUMIFS(Answers!$AC$4:$AC$203,Answers!$A$4:$A$203,$A25,Answers!$B$4:$B$203,"First")) | I25: =IF(OR($A25="",COUNTIFS(Answers!$A$4:$A$203,$A25,Answers!$B$4:$B$203,"Last")=0),"",SUMIFS(Answers!$AC$4:$AC$203,Answers!$A$4:$A$203,$A25,Answers!$B$4:$B$203,"Last")) | J25: =IF(OR($A25="",COUNTIFS(Answers!$A$4:$A$203,$A25,Answers!$B$4:$B$203,"First")=0),"",SUMIFS(Answers!$AD$4:$AD$203,Answers!$A$4:$A$203,$A25,Answers!$B$4:$B$203,"First")) | K25: =IF(OR($A25="",COUNTIFS(Answers!$A$4:$A$203,$A25,Answers!$B$4:$B$203,"Last")=0),"",SUMIFS(Answers!$AD$4:$AD$203,Answers!$A$4:$A$203,$A25,Answers!$B$4:$B$203,"Last")) | L25: =IF(OR($A25="",COUNTIFS(Answers!$A$4:$A$203,$A25,Answers!$B$4:$B$203,"First")=0),"",SUMIFS(Answers!$AE$4:$AE$203,Answers!$A$4:$A$203,$A25,Answers!$B$4:$B$203,"First")) | M25: =IF(OR($A25="",COUNTIFS(Answers!$A$4:$A$203,$A25,Answers!$B$4:$B$203,"Last")=0),"",SUMIFS(Answers!$AE$4:$AE$203,Answers!$A$4:$A$203,$A25,Answers!$B$4:$B$203,"Last")) | N25: =IF(AND(B25<>"",C25<>""),1,0) -> 0 | O25: =IF($A25="","",IF(MAX(COUNTIFS(Answers!$A$4:$A$203,$A25,Answers!$B$4:$B$203,"First"),COUNTIFS(Answers!$A$4:$A$203,$A25,Answers!$B$4:$B$203,"Last"))>1,"Two rows for one session: keep one",IF(B25="","No first session",IF(C25="","No last session",""))))
B26: =IF(OR($A26="",COUNTIFS(Answers!$A$4:$A$203,$A26,Answers!$B$4:$B$203,"First")=0),"",SUMIFS(Answers!$AA$4:$AA$203,Answers!$A$4:$A$203,$A26,Answers!$B$4:$B$203,"First")) | C26: =IF(OR($A26="",COUNTIFS(Answers!$A$4:$A$203,$A26,Answers!$B$4:$B$203,"Last")=0),"",SUMIFS(Answers!$AA$4:$AA$203,Answers!$A$4:$A$203,$A26,Answers!$B$4:$B$203,"Last")) | D26: =IF(N26=1,C26-B26,"") | E26: =IF(OR(N26<>1,B26=16),"",(C26-B26)/(16-B26)) | F26: =IF(OR($A26="",COUNTIFS(Answers!$A$4:$A$203,$A26,Answers!$B$4:$B$203,"First")=0),"",SUMIFS(Answers!$AB$4:$AB$203,Answers!$A$4:$A$203,$A26,Answers!$B$4:$B$203,"First")) | G26: =IF(OR($A26="",COUNTIFS(Answers!$A$4:$A$203,$A26,Answers!$B$4:$B$203,"Last")=0),"",SUMIFS(Answers!$AB$4:$AB$203,Answers!$A$4:$A$203,$A26,Answers!$B$4:$B$203,"Last")) | H26: =IF(OR($A26="",COUNTIFS(Answers!$A$4:$A$203,$A26,Answers!$B$4:$B$203,"First")=0),"",SUMIFS(Answers!$AC$4:$AC$203,Answers!$A$4:$A$203,$A26,Answers!$B$4:$B$203,"First")) | I26: =IF(OR($A26="",COUNTIFS(Answers!$A$4:$A$203,$A26,Answers!$B$4:$B$203,"Last")=0),"",SUMIFS(Answers!$AC$4:$AC$203,Answers!$A$4:$A$203,$A26,Answers!$B$4:$B$203,"Last")) | J26: =IF(OR($A26="",COUNTIFS(Answers!$A$4:$A$203,$A26,Answers!$B$4:$B$203,"First")=0),"",SUMIFS(Answers!$AD$4:$AD$203,Answers!$A$4:$A$203,$A26,Answers!$B$4:$B$203,"First")) | K26: =IF(OR($A26="",COUNTIFS(Answers!$A$4:$A$203,$A26,Answers!$B$4:$B$203,"Last")=0),"",SUMIFS(Answers!$AD$4:$AD$203,Answers!$A$4:$A$203,$A26,Answers!$B$4:$B$203,"Last")) | L26: =IF(OR($A26="",COUNTIFS(Answers!$A$4:$A$203,$A26,Answers!$B$4:$B$203,"First")=0),"",SUMIFS(Answers!$AE$4:$AE$203,Answers!$A$4:$A$203,$A26,Answers!$B$4:$B$203,"First")) | M26: =IF(OR($A26="",COUNTIFS(Answers!$A$4:$A$203,$A26,Answers!$B$4:$B$203,"Last")=0),"",SUMIFS(Answers!$AE$4:$AE$203,Answers!$A$4:$A$203,$A26,Answers!$B$4:$B$203,"Last")) | N26: =IF(AND(B26<>"",C26<>""),1,0) -> 0 | O26: =IF($A26="","",IF(MAX(COUNTIFS(Answers!$A$4:$A$203,$A26,Answers!$B$4:$B$203,"First"),COUNTIFS(Answers!$A$4:$A$203,$A26,Answers!$B$4:$B$203,"Last"))>1,"Two rows for one session: keep one",IF(B26="","No first session",IF(C26="","No last session",""))))
... B114: =IF(OR($A114="",COUNTIFS(Answers!$A$4:$A$203,$A114,Answers!$B$4:$B$203,"First")=0),"",SUMIFS(Answers!$AA$4:$AA$203,Answers!$A$4:$A$203,$A114,Answers!$B$4:$B$203,"First")) | C114: =IF(OR($A114="",COUNTIFS(Answers!$A$4:$A$203,$A114,Answers!$B$4:$B$203,"Last")=0),"",SUMIFS(Answers!$AA$4:$AA$203,Answers!$A$4:$A$203,$A114,Answers!$B$4:$B$203,"Last")) | D114: =IF(N114=1,C114-B114,"") | E114: =IF(OR(N114<>1,B114=16),"",(C114-B114)/(16-B114)) | F114: =IF(OR($A114="",COUNTIFS(Answers!$A$4:$A$203,$A114,Answers!$B$4:$B$203,"First")=0),"",SUMIFS(Answers!$AB$4:$AB$203,Answers!$A$4:$A$203,$A114,Answers!$B$4:$B$203,"First")) | G114: =IF(OR($A114="",COUNTIFS(Answers!$A$4:$A$203,$A114,Answers!$B$4:$B$203,"Last")=0),"",SUMIFS(Answers!$AB$4:$AB$203,Answers!$A$4:$A$203,$A114,Answers!$B$4:$B$203,"Last")) | H114: =IF(OR($A114="",COUNTIFS(Answers!$A$4:$A$203,$A114,Answers!$B$4:$B$203,"First")=0),"",SUMIFS(Answers!$AC$4:$AC$203,Answers!$A$4:$A$203,$A114,Answers!$B$4:$B$203,"First")) | I114: =IF(OR($A114="",COUNTIFS(Answers!$A$4:$A$203,$A114,Answers!$B$4:$B$203,"Last")=0),"",SUMIFS(Answers!$AC$4:$AC$203,Answers!$A$4:$A$203,$A114,Answers!$B$4:$B$203,"Last")) | J114: =IF(OR($A114="",COUNTIFS(Answers!$A$4:$A$203,$A114,Answers!$B$4:$B$203,"First")=0),"",SUMIFS(Answers!$AD$4:$AD$203,Answers!$A$4:$A$203,$A114,Answers!$B$4:$B$203,"First")) | K114: =IF(OR($A114="",COUNTIFS(Answers!$A$4:$A$203,$A114,Answers!$B$4:$B$203,"Last")=0),"",SUMIFS(Answers!$AD$4:$AD$203,Answers!$A$4:$A$203,$A114,Answers!$B$4:$B$203,"Last")) | L114: =IF(OR($A114="",COUNTIFS(Answers!$A$4:$A$203,$A114,Answers!$B$4:$B$203,"First")=0),"",SUMIFS(Answers!$AE$4:$AE$203,Answers!$A$4:$A$203,$A114,Answers!$B$4:$B$203,"First")) | M114: =IF(OR($A114="",COUNTIFS(Answers!$A$4:$A$203,$A114,Answers!$B$4:$B$203,"Last")=0),"",SUMIFS(Answers!$AE$4:$AE$203,Answers!$A$4:$A$203,$A114,Answers!$B$4:$B$203,"Last")) | N114: =IF(AND(B114<>"",C114<>""),1,0) -> 0 | O114: =IF($A114="","",IF(MAX(COUNTIFS(Answers!$A$4:$A$203,$A114,Answers!$B$4:$B$203,"First"),COUNTIFS(Answers!$A$4:$A$203,$A114,Answers!$B$4:$B$203,"Last"))>1,"Two rows for one session: keep one",IF(B114="","No first session",IF(C114="","No last session",""))))
